store_id,store_type,region_id,store_name,store_number,store_street_address,store_city,store_state,store_postal_code,store_country,store_manager,store_phone,store_fax,first_opened_date,last_remodel_date,store_sqft,grocery_sqft,frozen_sqft,meat_sqft,coffee_bar,video_store,salad_bar,prepared_food,florist
0,HeadQuarters,0,HQ,0,1 Alameda Way,Alameda,CA,55555,USA,Sam,178-555-8979,124-555-9116,########,4/12/1990 0:00,25638,18697,3648,3293,0,0,0,0,0
1,Supermarket,28,Store 1,1,2853 Bailey Rd,Acapulco,Guerrero,55555,Mexico,Jones,262-555-5124,262-555-5121,9/1/1982 0:00,5/12/1990 0:00,23593,17475,3671,2447,0,0,0,0,0
2,Small Grocery,78,Store 2,2,5203 Catanzaro Way,Bellingham,WA,55555,USA,Smith,605-555-8203,605-555-8201,2/4/1970 0:00,4/6/1973 0:00,28206,22271,3561,2374,1,0,0,0,0
3,Supermarket,76,Store 3,3,1501 Ramsey Circle,Bremerton,WA,55555,USA,Davis,509-555-1596,509-555-1591,14/6/1959 0:00,19/11/1967 0:00,39696,24390,9184,6122,0,0,1,1,0
4,Gourmet Supermarket,27,Store 4,4,433 St George Dr,Camacho,Zacatecas,55555,Mexico,Johnson,304-555-1474,304-555-1471,27/9/1994 0:00,1/12/1995 0:00,23759,16844,4149,2766,1,0,1,1,1
5,Small Grocery,4,Store 5,5,1250 Coggins Drive,Guadalajara,Jalisco,55555,Mexico,Green,801-555-4324,801-555-4321,18/9/1978 0:00,29/6/1991 0:00,24597,15012,5751,3834,1,0,0,0,0
6,Gourmet Supermarket,47,Store 6,6,5495 Mitchell Canyon Road,Beverly Hills,CA,55555,USA,Maris,958-555-5002,958-555-5001,3/1/1981 0:00,13/3/1991 0:00,23688,15337,5011,3340,1,1,1,1,1
7,Supermarket,3,Store 7,7,1077 Wharf Drive,Los Angeles,CA,55555,USA,White,477-555-7967,477-555-7961,21/5/1971 0:00,20/10/1981 0:00,23598,14210,5633,3755,0,0,0,0,1
8,Deluxe Supermarket,26,Store 8,8,3173 Buena Vista Ave,Merida,Yucatan,55555,Mexico,Williams,797-555-3417,797-555-3411,23/9/1958 0:00,18/11/1967 0:00,30797,20141,6393,4262,1,1,1,1,1
9,Mid-Size Grocery,2,Store 9,9,1872 El Pintado Road,Mexico City,DF,55555,Mexico,Stuber,439-555-3524,439-555-3521,18/3/1955 0:00,7/6/1959 0:00,36509,22450,8435,5624,0,0,0,0,0
10,Supermarket,24,Store 10,10,7894 Rotherham Dr,Orizaba,Veracruz,55555,Mexico,Merz,212-555-4774,212-555-4771,13/4/1979 0:00,30/1/1982 0:00,34791,26354,5062,3375,0,0,1,1,0
11,Supermarket,22,Store 11,11,5371 Holland Circle,Portland,OR,55555,USA,Erickson,685-555-8995,685-555-8991,17/9/1976 0:00,15/5/1982 0:00,20319,16232,2452,1635,0,0,0,0,0
12,Deluxe Supermarket,25,Store 12,12,1120 Westchester Pl,Hidalgo,Zacatecas,55555,Mexico,Kalman,151-555-1702,151-555-1701,25/3/1968 0:00,18/12/1993 0:00,30584,21938,5188,3458,1,1,1,1,1
13,Deluxe Supermarket,23,Store 13,13,5179 Valley Ave,Salem,OR,55555,USA,Inmon,977-555-2724,977-555-2721,13/4/1957 0:00,10/11/1997 0:00,27694,18670,5415,3610,1,1,1,1,1
14,Small Grocery,1,Store 14,14,4365 Indigo Ct,San Francisco,CA,55555,USA,Strehlo,135-555-4888,135-555-4881,24/11/1957 0:00,7/1/1958 0:00,22478,15321,4294,2863,1,0,0,0,0
15,Supermarket,18,Store 15,15,5006 Highland Drive,Seattle,WA,55555,USA,Ollom,893-555-1024,893-555-1021,24/7/1969 0:00,19/10/1973 0:00,21215,13305,4746,3164,1,0,0,0,0
16,Supermarket,87,Store 16,16,5922 La Salle Ct,Spokane,WA,55555,USA,Mantle,643-555-3645,643-555-3641,23/8/1974 0:00,13/7/1977 0:00,30268,22063,4923,3282,0,0,0,0,0
17,Deluxe Supermarket,84,Store 17,17,490 Risdon Road,Tacoma,WA,55555,USA,Mays,855-555-5581,855-555-5581,30/5/1970 0:00,23/6/1976 0:00,33858,22123,7041,4694,1,0,1,1,1
18,Mid-Size Grocery,25,Store 18,18,6764 Glen Road,Hidalgo,Zacatecas,55555,Mexico,Brown,528-555-8317,528-555-8311,28/6/1969 0:00,30/8/1975 0:00,38382,30351,4819,3213,0,0,0,0,0
19,Deluxe Supermarket,5,Store 19,19,6644 Sudance Drive,Vancouver,BC,55555,Canada,Ruth,862-555-7395,862-555-7391,27/3/1977 0:00,25/10/1990 0:00,23112,16418,4016,2678,1,1,1,1,1
20,Mid-Size Grocery,6,Store 20,20,3706 Marvelle Ln,Victoria,BC,55555,Canada,Cobb,897-555-1931,897-555-1931,6/2/1980 0:00,9/4/1987 0:00,34452,27463,4193,2795,1,0,0,0,1
21,Deluxe Supermarket,106,Store 21,21,4093 Steven Circle,San Andres,DF,55555,Mexico,Jones,493-555-4781,493-555-4781,7/2/1986 0:00,16/4/1990 0:00,36716,28646,4357,3713,1,0,1,1,1
22,Small Grocery,88,Store 22,22,9606 Julpum Loop,Walla Walla,WA,55555,USA,Byrg,881-555-5117,881-555-5111,24/1/1951 0:00,17/10/1969 0:00,23156,17578,3256,2322,0,0,0,0,0
23,Mid-Size Grocery,89,Store 23,23,3920 Noah Court,Yakima,WA,55555,USA,Johnson,170-555-8424,170-555-8421,16/7/1977 0:00,24/7/1987 0:00,32462,21356,6954,4152,0,0,0,0,0
24,Supermarket,7,Store 24,24,2342 Waltham St.,San Diego,CA,55555,USA,Byrd,111-555-0303,111-555-0304,22/5/1979 0:00,20/4/1986 0:00,33971,23521,7165,3285,1,0,1,0,1
